Site,Plot,Treatment,North 90°,North 15°,Center 90°,Center 15°,South 90°,South 15°,Notes,Year:,2022,
Beach Ridge Site,1A,snow addition,,,,,,,,DOY:,,
Beach Ridge Site,1R,snow removal,,,,,,,,Observer:,,
Beach Ridge Site,1C,control,,,,,,,,Notes,,
Beach Ridge Site,2A,snow addition,,,,,,,,,,
Beach Ridge Site,2R,snow removal,,,,,,,,,,
Beach Ridge Site,2C,control,,,,,,,,,,
Beach Ridge Site,3A,snow addition,,,,,,,,,,
Beach Ridge Site,3R,snow removal,,,,,,,,,,
Beach Ridge Site,3C,control,,,,,,,,,,
,,,,,,,,,,,,