Site,OTC/Cntr,Plot,North 90°,North 15°,Center 90°,Center 15°,South 90°,South 15°,Notes,Year:,2022
Cassiope,T,1,40,,42,,37,,,DOY:,182
Cassiope,Cp,1,33,,27,,34,,,Observer:,"NH, SA"
Cassiope,Cc,1,30,,33,,53,,,Notes,
Cassiope,T,2,58,,15,,46,,,,
Cassiope,Cp,2,48,,48,,42,,,,
Cassiope,Cc,2,35,,48,,53,,,,
Cassiope,T,3,47,,31,,18,,,,
Cassiope,Cp,3,43,,39,,23,,,,
Cassiope,Cc,3,35,,29,,28,,,,
Cassiope,T,4,59,,35,,25,,,,
Cassiope,Cp,4,24,,17,,52,,,,
Cassiope,Cc,4,41,,29,,30,,,,
Cassiope,T,5,41,,22,,29,,,,
Cassiope,Cp,5,20,,28,,27,,,,
Cassiope,Cc,5,62,,34,,47,,,,
Cassiope,T,6,38,,17,,40,,,,
Cassiope,Cp,6,12,,31,,19,,,,
Cassiope,Cc,6,42,,19,,22,,,,
Cassiope,T,7,31,,22,,33,,,,
Cassiope,Cp,7,29,,31,,31,,,,
Cassiope,Cc,7,24,,25,,35,,,,
Cassiope,T,8,31,,30,,33,,,,
Cassiope,Cp,8,22,,37,,20,,,,
Cassiope,Cc,8,16,,25,,47,,,,
Cassiope,T,9,29,,44,,44,,,,
Cassiope,Cp,9,38,,59,,22,,,,
Cassiope,Cc,9,49,,53,,42,,,,
Cassiope,T,10,19,,24,,35,,,,
Cassiope,Cp,10,42,,33,,35,,,,
Cassiope,Cc,10,29,,39,,44,,,,
Cassiope,T,11,31,,26,,22,,,,
Cassiope,Cp,11,49,,34,,20,,,,
Cassiope,Cc,11,31,,31,,24,,,,
Cassiope,T,12,40,,45,,60,,,,
Cassiope,Cp,12,26,,21,,52,,,,
Cassiope,Cc,12,34,,38,,29,,,,
Cassiope,T,13,17,,22,,36,,,,
Cassiope,Cp,13,29,,34,,22,,,,
Cassiope,Cc,13,22,,15,,19,,,,
Cassiope,T,14,21,,18,,24,,,,
Cassiope,Cp,14,57,,47,,55,,,,
Cassiope,Cc,14,73,,37,,44,,,,
Cassiope,T,15,44,,36,,21,,,,
Cassiope,Cp,15,16,,25,,26,,,,
Cassiope,Cc,15,20,,23,,16,,,,
Cassiope,T,16,15,,34,,25,,,,
Cassiope,Cp,16,22,,12,,20,,,,
Cassiope,Cc,16,42,,20,,53,,,,
Cassiope,T,17,17,,22,,29,,,,
Cassiope,Cp,17,14,,21,,26,,,,
Cassiope,Cc,17,34,,19,,36,,,,
Cassiope,T,18,33,,19,,26,,,,
Cassiope,Cp,18,25,,23,,20,,,,
Cassiope,Cc,18,48,,39,,57,,,,