Site,OTC/Cntr,Plot,North 90°,North 15°,Center 90°,Center 15°,South 90°,South 15°,Notes,Year:,2022,
Fertilizer,C,1,71,,71,,81,,,DOY:,182,
Fertilizer,T,2,26,,36,,44,,,Observer:,"NR, SA",
Fertilizer,C,3,37,,29,,23,,,Notes,,
Fertilizer,T,4,15,,24,,18,,,,,
Fertilizer,C,5,46,,31,,39,,,,,
Fertilizer,T,6,60,,34,,67,,,,,
Fertilizer,C,7,58,,43,,58,,,,,
Fertilizer,T,8,53,,52,,31,,,,,
Fertilizer,C,9,72,,68,,53,,,,,
Fertilizer,T,10,33,,39,,21,,,,,
Fertilizer,C,11,24,,24,,28,,,,,
Fertilizer,T,12,42,,33,,56,,,,,
Fertilizer,C,13,61,,47,,47,,,,,
Fertilizer,T,14,62,,37,,36,,,,,
Fertilizer,C,15,64,,61,,41,,,,,
Fertilizer,T,16,56,,52,,63,,,,,
Fertilizer,C,17,58,,47,,42,,,,,
Fertilizer,T,18,45,,24,,16,,,,,
Fertilizer,C,19,58,,34,,42,,,,,
Fertilizer,T,20,28,,11,,24,,,,,
Fertilizer,C,21,54,,42,,52,,,,,
Fertilizer,T,22,39,,40,,38,,,,,
Fertilizer,C,23,48,,40,,45,,,,,
Fertilizer,T,24,42,,45,,39,,,,,
Fertilizer,C,25,46,,38,,27,,,,,
Fertilizer,T,26,71,,54,,60,,,,,
Fertilizer,C,27,36,,48,,60,,,,,
Fertilizer,T,28,43,,57,,50,,,,,
Fertilizer,C,29,46,,49,,34,,,,,
Fertilizer,T,30,43,,56,,54,,,,,
Fertilizer,C,31,46,,63,,49,,,,,
Fertilizer,T,32,50,,50,,24,,,,,
Fertilizer,C,33,35,,24,,49,,,,,
Fertilizer,T,34,36,,58,,58,,,,,
Fertilizer,C,35,33,,28,,26,,,,,
Fertilizer,T,36,60,,37,,78,,,,,
Fertilizer,C,37,72,,67,,60,,,,,
Fertilizer,T,38,60,,38,,86,,,,,
Fertilizer,C,39,72,,45,,38,,,,,
Fertilizer,T,40,54,,44,,40,,,,,
Fertilizer,?,9S,45,,34,,45,,,,,
,,,,,,,,,,,,